{
  "main": {
    "id": "5324373015726ba8",
    "type": "split",
    "children": [
      {
        "id": "4509724f8bf84da7",
        "type": "tabs",
        "children": [
          {
            "id": "e7a7b303c61786dc",
            "type": "leaf",
            "state": {
              "type": "markdown",
              "state": {
                "file": "Homepage.md",
                "mode": "preview",
                "source": false
              },
              "icon": "lucide-file",
              "title": "Homepage"
            }
          }
        ]
      }
    ],
    "direction": "vertical"
  },
  "left": {
    "id": "489d8fd73ddbeacd",
    "type": "split",
    "children": [
      {
        "id": "9fbb3ab528998258",
        "type": "tabs",
        "children": [
          {
            "id": "f3b7ae453dabb9a3",
            "type": "leaf",
            "state": {
              "type": "file-explorer",
              "state": {
                "sortOrder": "alphabetical",
                "autoReveal": false
              },
              "icon": "lucide-folder-closed",
              "title": "Files"
            }
          },
          {
            "id": "6cb8559d5bc7ab47",
            "type": "leaf",
            "state": {
              "type": "search",
              "state": {
                "query": "",
                "matchingCase": false,
                "explainSearch": false,
                "collapseAll": false,
                "extraContext": false,
                "sortOrder": "alphabetical"
              },
              "icon": "lucide-search",
              "title": "Search"
            }
          },
          {
            "id": "6e43787b7f2694e4",
            "type": "leaf",
            "state": {
              "type": "bookmarks",
              "state": {},
              "icon": "lucide-bookmark",
              "title": "Bookmarks"
            }
          }
        ]
      }
    ],
    "direction": "horizontal",
    "width": 300
  },
  "right": {
    "id": "761dca9c02864899",
    "type": "split",
    "children": [
      {
        "id": "e1e5bc49627dc839",
        "type": "tabs",
        "children": [
          {
            "id": "47c9d7f71cb45214",
            "type": "leaf",
            "state": {
              "type": "backlink",
              "state": {
                "file": "Homepage.md",
                "collapseAll": false,
                "extraContext": false,
                "sortOrder": "alphabetical",
                "showSearch": false,
                "searchQuery": "",
                "backlinkCollapsed": false,
                "unlinkedCollapsed": true
              },
              "icon": "links-coming-in",
              "title": "Backlinks for Homepage"
            }
          },
          {
            "id": "6bab35ee2db0409d",
            "type": "leaf",
            "state": {
              "type": "outgoing-link",
              "state": {
                "file": "Homepage.md",
                "linksCollapsed": false,
                "unlinkedCollapsed": true
              },
              "icon": "links-going-out",
              "title": "Outgoing links from Homepage"
            }
          },
          {
            "id": "f5ef6995f7104e14",
            "type": "leaf",
            "state": {
              "type": "tag",
              "state": {
                "sortOrder": "frequency",
                "useHierarchy": true
              },
              "icon": "lucide-tags",
              "title": "Tags"
            }
          },
          {
            "id": "d63bfd6dbc80e37a",
            "type": "leaf",
            "state": {
              "type": "outline",
              "state": {
                "file": "Homepage.md",
                "followCursor": false,
                "showSearch": false,
                "searchQuery": ""
              },
              "icon": "lucide-list",
              "title": "Outline of Homepage"
            }
          },
          {
            "id": "7a7d5869258d7896",
            "type": "leaf",
            "state": {
              "type": "all-properties",
              "state": {
                "sortOrder": "frequency",
                "showSearch": true,
                "searchQuery": ""
              },
              "icon": "lucide-archive",
              "title": "All properties"
            }
          }
        ],
        "currentTab": 4
      }
    ],
    "direction": "horizontal",
    "width": 300,
    "collapsed": true
  },
  "left-ribbon": {
    "hiddenItems": {
      "virtual-footer:Open virtual content in sidebar": false,
      "bases:Create new base": false,
      "switcher:Open quick switcher": false,
      "graph:Open graph view": false,
      "canvas:Create new canvas": false,
      "templates:Insert template": false,
      "command-palette:Open command palette": false,
      "templater-obsidian:Templater": false,
      "homepage:Open homepage": false
    }
  },
  "active": "e7a7b303c61786dc",
  "lastOpenFiles": [
    "Inbox/test.md",
    "Homepage.md",
    "Objective/good traits/something.md",
    "Processes/test.md",
    "Projects/test.md",
    "Getting started.md",
    "Processes/Be just and adapt to each person.md",
    "Processes/Review working processes.md",
    "Admin/apply recurrence.md",
    "Processes/Call, visit and care for the sick.md",
    "Processes/Avoiding Harmful Speech.md",
    "Processes/Avoid indulging on the lawful.md",
    "Processes/Apply his drinking and eating habits.md",
    "Processes/Attitude in affliction.md",
    "Processes/Avoid baseless assumptions.md",
    "Processes/Apply for hajj every year.md",
    "Processes/Accept accusations or forgive transgressions against you.md",
    "Objective/good traits/Fear and hope.md",
    "Objective/good traits/Asceticism.md",
    "Processes/Stay fit.md",
    "Processes/Initiatives supplication.md",
    "Processes/Clean and beautify yourself.md",
    "Processes/Managing difference of opinion.md",
    "Processes/Cry and fear misguidance.md",
    "Processes/Supplicate with the right names.md",
    "Processes/Meet special friend only for god's sake.md",
    "Objective/bad traits",
    "Objective/worship",
    "Objective/good traits",
    "Objective",
    "Initiatives/good traits",
    "Initiatives/bad traits",
    "Initiatives/worship",
    "Initiatives",
    "my-website/Initiatives/worship",
    "my-website/Initiatives"
  ]
}