{
  "main": {
    "id": "5324373015726ba8",
    "type": "split",
    "children": [
      {
        "id": "4509724f8bf84da7",
        "type": "tabs",
        "children": [
          {
            "id": "e7a7b303c61786dc",
            "type": "leaf",
            "state": {
              "type": "markdown",
              "state": {
                "file": "Homepage.md",
                "mode": "preview",
                "source": false
              },
              "icon": "lucide-file",
              "title": "Homepage"
            }
          }
        ]
      }
    ],
    "direction": "vertical"
  },
  "left": {
    "id": "489d8fd73ddbeacd",
    "type": "split",
    "children": [
      {
        "id": "9fbb3ab528998258",
        "type": "tabs",
        "children": [
          {
            "id": "f3b7ae453dabb9a3",
            "type": "leaf",
            "state": {
              "type": "file-explorer",
              "state": {
                "sortOrder": "alphabetical",
                "autoReveal": false
              },
              "icon": "lucide-folder-closed",
              "title": "Files"
            }
          },
          {
            "id": "6cb8559d5bc7ab47",
            "type": "leaf",
            "state": {
              "type": "search",
              "state": {
                "query": "",
                "matchingCase": false,
                "explainSearch": false,
                "collapseAll": false,
                "extraContext": false,
                "sortOrder": "alphabetical"
              },
              "icon": "lucide-search",
              "title": "Search"
            }
          },
          {
            "id": "6e43787b7f2694e4",
            "type": "leaf",
            "state": {
              "type": "bookmarks",
              "state": {},
              "icon": "lucide-bookmark",
              "title": "Bookmarks"
            }
          }
        ]
      }
    ],
    "direction": "horizontal",
    "width": 300,
    "collapsed": true
  },
  "right": {
    "id": "761dca9c02864899",
    "type": "split",
    "children": [
      {
        "id": "e1e5bc49627dc839",
        "type": "tabs",
        "children": [
          {
            "id": "47c9d7f71cb45214",
            "type": "leaf",
            "state": {
              "type": "backlink",
              "state": {
                "file": "Homepage.md",
                "collapseAll": false,
                "extraContext": false,
                "sortOrder": "alphabetical",
                "showSearch": false,
                "searchQuery": "",
                "backlinkCollapsed": false,
                "unlinkedCollapsed": true
              },
              "icon": "links-coming-in",
              "title": "Backlinks for Homepage"
            }
          },
          {
            "id": "6bab35ee2db0409d",
            "type": "leaf",
            "state": {
              "type": "outgoing-link",
              "state": {
                "file": "Homepage.md",
                "linksCollapsed": false,
                "unlinkedCollapsed": true
              },
              "icon": "links-going-out",
              "title": "Outgoing links from Homepage"
            }
          },
          {
            "id": "f5ef6995f7104e14",
            "type": "leaf",
            "state": {
              "type": "tag",
              "state": {
                "sortOrder": "frequency",
                "useHierarchy": true
              },
              "icon": "lucide-tags",
              "title": "Tags"
            }
          },
          {
            "id": "d63bfd6dbc80e37a",
            "type": "leaf",
            "state": {
              "type": "outline",
              "state": {
                "file": "Homepage.md",
                "followCursor": false,
                "showSearch": false,
                "searchQuery": ""
              },
              "icon": "lucide-list",
              "title": "Outline of Homepage"
            }
          },
          {
            "id": "7a7d5869258d7896",
            "type": "leaf",
            "state": {
              "type": "all-properties",
              "state": {
                "sortOrder": "frequency",
                "showSearch": true,
                "searchQuery": ""
              },
              "icon": "lucide-archive",
              "title": "All properties"
            }
          }
        ],
        "currentTab": 4
      }
    ],
    "direction": "horizontal",
    "width": 300,
    "collapsed": true
  },
  "left-ribbon": {
    "hiddenItems": {
      "virtual-footer:Open virtual content in sidebar": false,
      "bases:Create new base": false,
      "switcher:Open quick switcher": false,
      "graph:Open graph view": false,
      "canvas:Create new canvas": false,
      "templates:Insert template": false,
      "command-palette:Open command palette": false,
      "templater-obsidian:Templater": false,
      "homepage:Open homepage": false
    }
  },
  "active": "e7a7b303c61786dc",
  "lastOpenFiles": [
    "Homepage.md",
    "Initiatives/worship/Engaging with the quran.md",
    "Initiatives/worship/Reciting the quran.md",
    "Processes/Recite the quran.md",
    "Processes/Learn and review the quran.md",
    "Processes/Use quran for healing.md",
    "Processes/Pray tahajud prayer.md",
    "Getting started.md",
    "Resources/Weekly review.md",
    "Resources/Process handling.md",
    "Resources/Obsidian implementation.md",
    "Processes/Apply for hajj every year.md",
    "Processes/Advice and admonishment.md",
    "Processes/Accept invitations.md",
    "Processes/Accept gift if lawful and pure intentions.md",
    "Processes/Accept accusations or forgive transgressions against you.md",
    "Processes/Avoid watching other people blessing and bless them.md",
    "Processes/Have mercy in business dealings.md",
    "Processes/Fast special days.md",
    "Processes/Love playfully and support.md",
    "Processes/Stay silent and change position in anger.md",
    "Processes/Level up worship.md",
    "Processes/Pray obligatory prayers on time or make them up.md",
    "Processes/Help orphans or people in need periodically.md",
    "Processes/Being consistent in doing good deeds.md",
    "Processes/Don't misuse blessings.md",
    "Initiatives/good traits",
    "Initiatives/bad traits",
    "Initiatives/worship",
    "Initiatives",
    "my-website/Initiatives/worship",
    "my-website/Initiatives",
    "my-website",
    "Inbox",
    "Projects",
    "Admin"
  ]
}