{
  "main": {
    "id": "5324373015726ba8",
    "type": "split",
    "children": [
      {
        "id": "4509724f8bf84da7",
        "type": "tabs",
        "children": [
          {
            "id": "e7a7b303c61786dc",
            "type": "leaf",
            "state": {
              "type": "markdown",
              "state": {
                "file": "Homepage.md",
                "mode": "preview",
                "source": false
              },
              "icon": "lucide-file",
              "title": "Homepage"
            }
          }
        ]
      }
    ],
    "direction": "vertical"
  },
  "left": {
    "id": "489d8fd73ddbeacd",
    "type": "split",
    "children": [
      {
        "id": "9fbb3ab528998258",
        "type": "tabs",
        "children": [
          {
            "id": "f3b7ae453dabb9a3",
            "type": "leaf",
            "state": {
              "type": "file-explorer",
              "state": {
                "sortOrder": "alphabetical"
              },
              "icon": "lucide-folder-closed",
              "title": "Files"
            }
          },
          {
            "id": "6cb8559d5bc7ab47",
            "type": "leaf",
            "state": {
              "type": "search",
              "state": {
                "query": "",
                "matchingCase": false,
                "explainSearch": false,
                "collapseAll": false,
                "extraContext": false,
                "sortOrder": "alphabetical"
              },
              "icon": "lucide-search",
              "title": "Search"
            }
          },
          {
            "id": "6e43787b7f2694e4",
            "type": "leaf",
            "state": {
              "type": "bookmarks",
              "state": {},
              "icon": "lucide-bookmark",
              "title": "Bookmarks"
            }
          }
        ]
      }
    ],
    "direction": "horizontal",
    "width": 300
  },
  "right": {
    "id": "761dca9c02864899",
    "type": "split",
    "children": [
      {
        "id": "e1e5bc49627dc839",
        "type": "tabs",
        "children": [
          {
            "id": "47c9d7f71cb45214",
            "type": "leaf",
            "state": {
              "type": "backlink",
              "state": {
                "file": "Homepage.md",
                "collapseAll": false,
                "extraContext": false,
                "sortOrder": "alphabetical",
                "showSearch": false,
                "searchQuery": "",
                "backlinkCollapsed": false,
                "unlinkedCollapsed": true
              },
              "icon": "links-coming-in",
              "title": "Backlinks for Homepage"
            }
          },
          {
            "id": "6bab35ee2db0409d",
            "type": "leaf",
            "state": {
              "type": "outgoing-link",
              "state": {
                "file": "Homepage.md",
                "linksCollapsed": false,
                "unlinkedCollapsed": true
              },
              "icon": "links-going-out",
              "title": "Outgoing links from Homepage"
            }
          },
          {
            "id": "f5ef6995f7104e14",
            "type": "leaf",
            "state": {
              "type": "tag",
              "state": {
                "sortOrder": "frequency",
                "useHierarchy": true
              },
              "icon": "lucide-tags",
              "title": "Tags"
            }
          },
          {
            "id": "d63bfd6dbc80e37a",
            "type": "leaf",
            "state": {
              "type": "outline",
              "state": {
                "file": "Homepage.md"
              },
              "icon": "lucide-list",
              "title": "Outline of Homepage"
            }
          },
          {
            "id": "7a7d5869258d7896",
            "type": "leaf",
            "state": {
              "type": "all-properties",
              "state": {
                "sortOrder": "frequency",
                "showSearch": false,
                "searchQuery": ""
              },
              "icon": "lucide-archive",
              "title": "All properties"
            }
          }
        ],
        "currentTab": 3
      }
    ],
    "direction": "horizontal",
    "width": 300,
    "collapsed": true
  },
  "left-ribbon": {
    "hiddenItems": {
      "switcher:Open quick switcher": false,
      "graph:Open graph view": false,
      "canvas:Create new canvas": false,
      "templates:Insert template": false,
      "command-palette:Open command palette": false,
      "templater-obsidian:Templater": false,
      "homepage:Open homepage": false
    }
  },
  "active": "e7a7b303c61786dc",
  "lastOpenFiles": [
    "Processes/Accept gift if lawful and pure intentions.md",
    "Homepage.md",
    "Processes/Accept invitations.md",
    "Processes/Accept accusations or forgive transgressions against you.md",
    "Resources/Bulk editing processes.md",
    "Initiatives/bad traits/Pride and self admiration and humility.md",
    "Initiatives/bad traits/Anger.md",
    "Initiatives/bad traits/Love of status and ostentation.md",
    "Admin/review today.md",
    "Initiatives/good traits/Reliance.md",
    "Initiatives/good traits/Fear and hope.md",
    "Initiatives/good traits/Self scrutiny.md",
    "Initiatives/good traits/Remembering death.md",
    "Initiatives/good traits/Gratitude.md",
    "Initiatives/good traits/Sincerity and truthfulness.md",
    "Initiatives/good traits/Contentment with divine decree.md",
    "Initiatives/good traits/Patience.md",
    "Initiatives/good traits/Repentance.md",
    "Initiatives/good traits/Love.md",
    "Initiatives/bad traits/Stinginess.md",
    "Initiatives/bad traits/Loquaciousness.md",
    "Initiatives/bad traits/Gluttony and lust.md",
    "Initiatives/bad traits/Envy.md",
    "Initiatives/bad traits",
    "Initiatives/worship/Zakat and charity and selflessness.md",
    "Initiatives/worship/Upholding the right of muslims.md",
    "Initiatives/worship/Seeking the lawful.md",
    "Initiatives/worship",
    "Initiatives/good traits",
    "Initiatives",
    "Inbox",
    "Projects",
    "Admin"
  ]
}